name ,date,ISIN ,issue date,coupon ,maturity date ,closing price ,yield to maturity 
CAN 1.5 Jun 23,2021-01-18,CA135087A610,2012-07-30,0.015,2023-06-01,103.13,0.0018
CAN 1.5 Jun 23,2021-01-19,CA135087A610,2012-07-30,0.015,2023-06-01,103.14,0.0018
CAN 1.5 Jun 23,2021-01-20,CA135087A610,2012-07-30,0.015,2023-06-01,103.1,0.0018
CAN 1.5 Jun 23,2021-01-21,CA135087A610,2012-07-30,0.015,2023-06-01,103.09,0.0018
CAN 1.5 Jun 23,2021-01-22,CA135087A610,2012-07-30,0.015,2023-06-01,103.09,0.0018
CAN 1.5 Jun 23,2021-01-25,CA135087A610,2012-07-30,0.015,2023-06-01,103.04,0.0018
CAN 1.5 Jun 23,2021-01-26,CA135087A610,2012-07-30,0.015,2023-06-01,103.06,0.0018
CAN 1.5 Jun 23,2021-01-27,CA135087A610,2012-07-30,0.015,2023-06-01,103.1,0.0018
CAN 1.5 Jun 23,2021-01-28,CA135087A610,2012-07-30,0.015,2023-06-01,103.08,0.0018
CAN 1.5 Jun 23,2021-01-29,CA135087A610,2012-07-30,0.015,2023-06-01,103.06,0.0018
CAN 0.75 Mar 21,2021-01-18,CA135087F254,2015-10-19,0.0075,2021-03-01,100.08,0.0004
CAN 0.75 Mar 21,2021-01-19,CA135087F254,2015-10-19,0.0075,2021-03-01,100.08,0.0004
CAN 0.75 Mar 21,2021-01-20,CA135087F254,2015-10-19,0.0075,2021-03-01,100.08,0.0004
CAN 0.75 Mar 21,2021-01-21,CA135087F254,2015-10-19,0.0075,2021-03-01,100.07,0.0004
CAN 0.75 Mar 21,2021-01-22,CA135087F254,2015-10-19,0.0075,2021-03-01,100.07,0.0004
CAN 0.75 Mar 21,2021-01-25,CA135087F254,2015-10-19,0.0075,2021-03-01,100.06,0.0004
CAN 0.75 Mar 21,2021-01-26,CA135087F254,2015-10-19,0.0075,2021-03-01,100.06,0.0004
CAN 0.75 Mar 21,2021-01-27,CA135087F254,2015-10-19,0.0075,2021-03-01,100.06,0.0004
CAN 0.75 Mar 21,2021-01-28,CA135087F254,2015-10-19,0.0075,2021-03-01,100.06,0.0004
CAN 0.75 Mar 21,2021-01-29,CA135087F254,2015-10-19,0.0075,2021-03-01,100.06,0.0004
CAN 0.75 Sep 21,2021-01-18,CA135087F585,2016-11-04,0.0075,2021-09-01,100.04,0.0012
CAN 0.75 Sep 21,2021-01-19,CA135087F585,2016-11-04,0.0075,2021-09-01,100.04,0.0012
CAN 0.75 Sep 21,2021-01-20,CA135087F585,2016-11-04,0.0075,2021-09-01,100.39,0.0012
CAN 0.75 Sep 21,2021-01-21,CA135087F585,2016-11-04,0.0075,2021-09-01,100.38,0.0012
CAN 0.75 Sep 21,2021-01-22,CA135087F585,2016-11-04,0.0075,2021-09-01,100.38,0.0012
CAN 0.75 Sep 21,2021-01-25,CA135087F585,2016-11-04,0.0075,2021-09-01,100.37,0.0012
CAN 0.75 Sep 21,2021-01-26,CA135087F585,2016-11-04,0.0075,2021-09-01,100.37,0.0012
CAN 0.75 Sep 21,2021-01-27,CA135087F585,2016-11-04,0.0075,2021-09-01,100.38,0.0012
CAN 0.75 Sep 21,2021-01-28,CA135087F585,2016-11-04,0.0075,2021-09-01,100.37,0.0012
CAN 0.75 Sep 21,2021-01-29,CA135087F585,2016-11-04,0.0075,2021-09-01,100.37,0.0012
CAN 0.5 Mar 22,2021-01-18,CA135087G328,2016-11-10,0.005,2022-03-01,100.44,0.0012
CAN 0.5 Mar 22,2021-01-19,CA135087G328,2016-11-10,0.005,2022-03-01,100.43,0.0012
CAN 0.5 Mar 22,2021-01-20,CA135087G328,2016-11-10,0.005,2022-03-01,100.41,0.0012
CAN 0.5 Mar 22,2021-01-21,CA135087G328,2016-11-10,0.005,2022-03-01,100.4,0.0012
CAN 0.5 Mar 22,2021-01-22,CA135087G328,2016-11-10,0.005,2022-03-01,100.41,0.0012
CAN 0.5 Mar 22,2021-01-25,CA135087G328,2016-11-10,0.005,2022-03-01,100.39,0.0012
CAN 0.5 Mar 22,2021-01-26,CA135087G328,2016-11-10,0.005,2022-03-01,100.39,0.0012
CAN 0.5 Mar 22,2021-01-27,CA135087G328,2016-11-10,0.005,2022-03-01,100.41,0.0012
CAN 0.5 Mar 22,2021-01-28,CA135087G328,2016-11-10,0.005,2022-03-01,100.41,0.0012
CAN 0.5 Mar 22,2021-01-29,CA135087G328,2016-11-10,0.005,2022-03-01,100.41,0.0012
CAN 1.75 Mar 23,2021-01-18,CA135087H490,2017-10-06,0.0175,2023-03-01,103.29,0.0018
CAN 1.75 Mar 23,2021-01-19,CA135087H490,2017-10-06,0.0175,2023-03-01,103.29,0.0018
CAN 1.75 Mar 23,2021-01-20,CA135087H490,2017-10-06,0.0175,2023-03-01,103.25,0.0018
CAN 1.75 Mar 23,2021-01-21,CA135087H490,2017-10-06,0.0175,2023-03-01,103.24,0.0018
CAN 1.75 Mar 23,2021-01-22,CA135087H490,2017-10-06,0.0175,2023-03-01,103.25,0.0018
CAN 1.75 Mar 23,2021-01-25,CA135087H490,2017-10-06,0.0175,2023-03-01,103.22,0.0018
CAN 1.75 Mar 23,2021-01-26,CA135087H490,2017-10-06,0.0175,2023-03-01,103.22,0.0018
CAN 1.75 Mar 23,2021-01-27,CA135087H490,2017-10-06,0.0175,2023-03-01,103.25,0.0018
CAN 1.75 Mar 23,2021-01-28,CA135087H490,2017-10-06,0.0175,2023-03-01,103.26,0.0018
CAN 1.75 Mar 23,2021-01-29,CA135087H490,2017-10-06,0.0175,2023-03-01,103.24,0.0018
CAN 2.25 Feb 21,2021-01-18,CA135087J629,2018-09-11,0.0225,2021-02-01,100.06,0
CAN 2.25 Feb 21,2021-01-19,CA135087J629,2018-09-11,0.0225,2021-02-01,100.06,0
CAN 2.25 Feb 21,2021-01-20,CA135087J629,2018-09-11,0.0225,2021-02-01,100.05,0
CAN 2.25 Feb 21,2021-01-21,CA135087J629,2018-09-11,0.0225,2021-02-01,100.03,0
CAN 2.25 Feb 21,2021-01-22,CA135087J629,2018-09-11,0.0225,2021-02-01,100.03,0
CAN 2.25 Feb 21,2021-01-25,CA135087J629,2018-09-11,0.0225,2021-02-01,100.02,0
CAN 2.25 Feb 21,2021-01-26,CA135087J629,2018-09-11,0.0225,2021-02-01,100.02,0
CAN 2.25 Feb 21,2021-01-27,CA135087J629,2018-09-11,0.0225,2021-02-01,100.01,0
CAN 2.25 Feb 21,2021-01-28,CA135087J629,2018-09-11,0.0225,2021-02-01,,0
CAN 2.25 Feb 21,2021-01-29,CA135087J629,2018-09-11,0.0225,2021-02-01,,0
CAN 1.75 May 21,2021-01-18,CA135087J884,2019-11-02,0.0175,2021-05-01,100.48,0.0008
CAN 1.75 May 21,2021-01-19,CA135087J884,2019-11-02,0.0175,2021-05-01,100.47,0.0008
CAN 1.75 May 21,2021-01-20,CA135087J884,2019-11-02,0.0175,2021-05-01,100.46,0.0008
CAN 1.75 May 21,2021-01-21,CA135087J884,2019-11-02,0.0175,2021-05-01,100.45,0.0008
CAN 1.75 May 21,2021-01-22,CA135087J884,2019-11-02,0.0175,2021-05-01,100.44,0.0008
CAN 1.75 May 21,2021-01-25,CA135087J884,2019-11-02,0.0175,2021-05-01,100.44,0.0008
CAN 1.75 May 21,2021-01-26,CA135087J884,2019-11-02,0.0175,2021-05-01,100.43,0.0008
CAN 1.75 May 21,2021-01-27,CA135087J884,2019-11-02,0.0175,2021-05-01,100.43,0.0008
CAN 1.75 May 21,2021-01-28,CA135087J884,2019-11-02,0.0175,2021-05-01,100.42,0.0008
CAN 1.75 May 21,2021-01-29,CA135087J884,2019-11-02,0.0175,2021-05-01,100.41,0.0008
CAN 1.5 Aug 21,2021-01-18,CA135087K296,2019-05-06,0.015,2021-08-01,100.76,0.0011
CAN 1.5 Aug 21,2021-01-19,CA135087K296,2019-05-06,0.015,2021-08-01,100.75,0.0011
CAN 1.5 Aug 21,2021-01-20,CA135087K296,2019-05-06,0.015,2021-08-01,100.73,0.0011
CAN 1.5 Aug 21,2021-01-21,CA135087K296,2019-05-06,0.015,2021-08-01,100.72,0.0011
CAN 1.5 Aug 21,2021-01-22,CA135087K296,2019-05-06,0.015,2021-08-01,100.72,0.0011
CAN 1.5 Aug 21,2021-01-25,CA135087K296,2019-05-06,0.015,2021-08-01,100.71,0.0011
CAN 1.5 Aug 21,2021-01-26,CA135087K296,2019-05-06,0.015,2021-08-01,100.71,0.0011
CAN 1.5 Aug 21,2021-01-27,CA135087K296,2019-05-06,0.015,2021-08-01,100.71,0.0011
CAN 1.5 Aug 21,2021-01-28,CA135087K296,2019-05-06,0.015,2021-08-01,100.7,0.0011
CAN 1.5 Aug 21,2021-01-29,CA135087K296,2019-05-06,0.015,2021-08-01,100.7,0.0011
CAN 1.25 Nov 21,2021-01-18,CA135087K452,2019-08-09,0.0125,2021-11-01,100.904,0.0013
CAN 1.25 Nov 21,2021-01-19,CA135087K452,2019-08-09,0.0125,2021-11-01,100.894,0.0013
CAN 1.25 Nov 21,2021-01-20,CA135087K452,2019-08-09,0.0125,2021-11-01,100.874,0.0013
CAN 1.25 Nov 21,2021-01-21,CA135087K452,2019-08-09,0.0125,2021-11-01,100.864,0.0013
CAN 1.25 Nov 21,2021-01-22,CA135087K452,2019-08-09,0.0125,2021-11-01,100.863,0.0013
CAN 1.25 Nov 21,2021-01-25,CA135087K452,2019-08-09,0.0125,2021-11-01,100.849,0.0013
CAN 1.25 Nov 21,2021-01-26,CA135087K452,2019-08-09,0.0125,2021-11-01,100.849,0.0013
CAN 1.25 Nov 21,2021-01-27,CA135087K452,2019-08-09,0.0125,2021-11-01,100.857,0.0013
CAN 1.25 Nov 21,2021-01-28,CA135087K452,2019-08-09,0.0125,2021-11-01,100.848,0.0013
CAN 1.25 Nov 21,2021-01-29,CA135087K452,2019-08-09,0.0125,2021-11-01,100.846,0.0013
CAN 1.5 Feb 21,2021-01-18,CA135087K601,2019-11-04,0.015,2021-02-01,101.44,0.0013
CAN 1.5 Feb 21,2021-01-19,CA135087K601,2019-11-04,0.015,2021-02-01,101.44,0.0013
CAN 1.5 Feb 21,2021-01-20,CA135087K601,2019-11-04,0.015,2021-02-01,101.41,0.0013
CAN 1.5 Feb 21,2021-01-21,CA135087K601,2019-11-04,0.015,2021-02-01,101.4,0.0013
CAN 1.5 Feb 21,2021-01-22,CA135087K601,2019-11-04,0.015,2021-02-01,101.4,0.0013
CAN 1.5 Feb 21,2021-01-25,CA135087K601,2019-11-04,0.015,2021-02-01,101.38,0.0013
CAN 1.5 Feb 21,2021-01-26,CA135087K601,2019-11-04,0.015,2021-02-01,101.38,0.0013
CAN 1.5 Feb 21,2021-01-27,CA135087K601,2019-11-04,0.015,2021-02-01,101.39,0.0013
CAN 1.5 Feb 21,2021-01-28,CA135087K601,2019-11-04,0.015,2021-02-01,101.38,0.0013
CAN 1.5 Feb 21,2021-01-29,CA135087K601,2019-11-04,0.015,2021-02-01,101.38,0.0013
CAN 1.5 May 22,2021-01-18,CA135087K866,2020-01-27,0.015,2022-05-01,101.78,0.0013
CAN 1.5 May 22,2021-01-19,CA135087K866,2020-01-27,0.015,2022-05-01,101.77,0.0013
CAN 1.5 May 22,2021-01-20,CA135087K866,2020-01-27,0.015,2022-05-01,101.74,0.0013
CAN 1.5 May 22,2021-01-21,CA135087K866,2020-01-27,0.015,2022-05-01,101.73,0.0013
CAN 1.5 May 22,2021-01-22,CA135087K866,2020-01-27,0.015,2022-05-01,101.73,0.0013
CAN 1.5 May 22,2021-01-25,CA135087K866,2020-01-27,0.015,2022-05-01,101.7,0.0013
CAN 1.5 May 22,2021-01-26,CA135087K866,2020-01-27,0.015,2022-05-01,101.7,0.0013
CAN 1.5 May 22,2021-01-27,CA135087K866,2020-01-27,0.015,2022-05-01,101.72,0.0013
CAN 1.5 May 22,2021-01-28,CA135087K866,2020-01-27,0.015,2022-05-01,101.71,0.0013
CAN 1.5 May 22,2021-01-29,CA135087K866,2020-01-27,0.015,2022-05-01,101.71,0.0013
CAN 0.25 Aug 22,2021-01-18,CA135087L286,2020-05-04,0.0025,2022-08-01,100.2,0.0013
CAN 0.25 Aug 22,2021-01-19,CA135087L286,2020-05-04,0.0025,2022-08-01,100.19,0.0013
CAN 0.25 Aug 22,2021-01-20,CA135087L286,2020-05-04,0.0025,2022-08-01,100.16,0.0013
CAN 0.25 Aug 22,2021-01-21,CA135087L286,2020-05-04,0.0025,2022-08-01,100.16,0.0013
CAN 0.25 Aug 22,2021-01-22,CA135087L286,2020-05-04,0.0025,2022-08-01,100.16,0.0013
CAN 0.25 Aug 22,2021-01-25,CA135087L286,2020-05-04,0.0025,2022-08-01,100.14,0.0013
CAN 0.25 Aug 22,2021-01-26,CA135087L286,2020-05-04,0.0025,2022-08-01,100.15,0.0013
CAN 0.25 Aug 22,2021-01-27,CA135087L286,2020-05-04,0.0025,2022-08-01,100.17,0.0013
CAN 0.25 Aug 22,2021-01-28,CA135087L286,2020-05-04,0.0025,2022-08-01,100.18,0.0013
CAN 0.25 Aug 22,2021-01-29,CA135087L286,2020-05-04,0.0025,2022-08-01,100.18,0.0013
CAN 0.25 Nov 22 ,2021-01-18,CA135087L369,2020-08-17,0.0025,2022-11-01,100.17,0.0017
CAN 0.25 Nov 22 ,2021-01-19,CA135087L369,2020-08-17,0.0025,2022-11-01,100.17,0.0017
CAN 0.25 Nov 22 ,2021-01-20,CA135087L369,2020-08-17,0.0025,2022-11-01,100.13,0.0017
CAN 0.25 Nov 22 ,2021-01-21,CA135087L369,2020-08-17,0.0025,2022-11-01,100.13,0.0017
CAN 0.25 Nov 22 ,2021-01-22,CA135087L369,2020-08-17,0.0025,2022-11-01,100.14,0.0017
CAN 0.25 Nov 22 ,2021-01-25,CA135087L369,2020-08-17,0.0025,2022-11-01,100.12,0.0017
CAN 0.25 Nov 22 ,2021-01-26,CA135087L369,2020-08-17,0.0025,2022-11-01,100.12,0.0017
CAN 0.25 Nov 22 ,2021-01-27,CA135087L369,2020-08-17,0.0025,2022-11-01,100.14,0.0017
CAN 0.25 Nov 22 ,2021-01-28,CA135087L369,2020-08-17,0.0025,2022-11-01,100.14,0.0017
CAN 0.25 Nov 22 ,2021-01-29,CA135087L369,2020-08-17,0.0025,2022-11-01,100.15,0.0017
CAN 0.25 Feb 23,2021-01-18,CA135087L773,2020-10-26,0.0025,2023-02-01,100.13,0.0019
CAN 0.25 Feb 23,2021-01-19,CA135087L773,2020-10-26,0.0025,2023-02-01,100.12,0.0019
CAN 0.25 Feb 23,2021-01-20,CA135087L773,2020-10-26,0.0025,2023-02-01,100.1,0.0019
CAN 0.25 Feb 23,2021-01-21,CA135087L773,2020-10-26,0.0025,2023-02-01,100.1,0.0019
CAN 0.25 Feb 23,2021-01-22,CA135087L773,2020-10-26,0.0025,2023-02-01,100.1,0.0019
CAN 0.25 Feb 23,2021-01-25,CA135087L773,2020-10-26,0.0025,2023-02-01,100.08,0.0019
CAN 0.25 Feb 23,2021-01-26,CA135087L773,2020-10-26,0.0025,2023-02-01,100.09,0.0019
CAN 0.25 Feb 23,2021-01-27,CA135087L773,2020-10-26,0.0025,2023-02-01,100.12,0.0019
CAN 0.25 Feb 23,2021-01-28,CA135087L773,2020-10-26,0.0025,2023-02-01,100.12,0.0019
CAN 0.25 Feb 23,2021-01-29,CA135087L773,2020-10-26,0.0025,2023-02-01,100.13,0.0019
CAN 10.5 Mar 21,2021-01-18,CA135087TZ75,1990-12-15,0.105,2021-03-15,101.58,0.0042
CAN 10.5 Mar 21,2021-01-19,CA135087TZ75,1990-12-15,0.105,2021-03-15,101.55,0.0042
CAN 10.5 Mar 21,2021-01-20,CA135087TZ75,1990-12-15,0.105,2021-03-15,101.52,0.0042
CAN 10.5 Mar 21,2021-01-21,CA135087TZ75,1990-12-15,0.105,2021-03-15,101.44,0.0042
CAN 10.5 Mar 21,2021-01-22,CA135087TZ75,1990-12-15,0.105,2021-03-15,101.41,0.0042
CAN 10.5 Mar 21,2021-01-25,CA135087TZ75,1990-12-15,0.105,2021-03-15,101.38,0.0042
CAN 10.5 Mar 21,2021-01-26,CA135087TZ75,1990-12-15,0.105,2021-03-15,101.35,0.0042
CAN 10.5 Mar 21,2021-01-27,CA135087TZ75,1990-12-15,0.105,2021-03-15,101.32,0.0042
CAN 10.5 Mar 21,2021-01-28,CA135087TZ75,1990-12-15,0.105,2021-03-15,101.24,0.0042
CAN 10.5 Mar 21,2021-01-29,CA135087TZ75,1990-12-15,0.105,2021-03-15,101.21,0.0042
CAN 9.75 Jun 21,2021-01-18,CA135087UE28,1991-05-09,0.0975,2021-06-01,103.5,0.0029
CAN 9.75 Jun 21,2021-01-19,CA135087UE28,1991-05-09,0.0975,2021-06-01,103.48,0.0029
CAN 9.75 Jun 21,2021-01-20,CA135087UE28,1991-05-09,0.0975,2021-06-01,103.44,0.0029
CAN 9.75 Jun 21,2021-01-21,CA135087UE28,1991-05-09,0.0975,2021-06-01,103.36,0.0029
CAN 9.75 Jun 21,2021-01-22,CA135087UE28,1991-05-09,0.0975,2021-06-01,103.34,0.0029
CAN 9.75 Jun 21,2021-01-25,CA135087UE28,1991-05-09,0.0975,2021-06-01,103.31,0.0029
CAN 9.75 Jun 21,2021-01-26,CA135087UE28,1991-05-09,0.0975,2021-06-01,103.28,0.0029
CAN 9.75 Jun 21,2021-01-27,CA135087UE28,1991-05-09,0.0975,2021-06-01,103.26,0.0029
CAN 9.75 Jun 21,2021-01-28,CA135087UE28,1991-05-09,0.0975,2021-06-01,103.18,0.0029
CAN 9.75 Jun 21,2021-01-29,CA135087UE28,1991-05-09,0.0975,2021-06-01,103.15,0.0029
CAN 9.25 Jun 22,2021-01-18,CA135087UM44,1991-12-15,0.0925,2022-06-01,112.42,0.0018
CAN 9.25 Jun 22,2021-01-19,CA135087UM44,1991-12-15,0.0925,2022-06-01,112.4,0.0018
CAN 9.25 Jun 22,2021-01-20,CA135087UM44,1991-12-15,0.0925,2022-06-01,112.35,0.0018
CAN 9.25 Jun 22,2021-01-21,CA135087UM44,1991-12-15,0.0925,2022-06-01,112.27,0.0018
CAN 9.25 Jun 22,2021-01-22,CA135087UM44,1991-12-15,0.0925,2022-06-01,112.24,0.0018
CAN 9.25 Jun 22,2021-01-25,CA135087UM44,1991-12-15,0.0925,2022-06-01,112.2,0.0018
CAN 9.25 Jun 22,2021-01-26,CA135087UM44,1991-12-15,0.0925,2022-06-01,112.19,0.0018
CAN 9.25 Jun 22,2021-01-27,CA135087UM44,1991-12-15,0.0925,2022-06-01,112.18,0.0018
CAN 9.25 Jun 22,2021-01-28,CA135087UM44,1991-12-15,0.0925,2022-06-01,112.1,0.0018
CAN 9.25 Jun 22,2021-01-29,CA135087UM44,1991-12-15,0.0925,2022-06-01,112.08,0.0018
CAN 8 Jun 23,2021-01-18,CA135087UT96,1992-08-17,0.08,2023-06-01,118.41,0.0021
CAN 8 Jun 23,2021-01-19,CA135087UT96,1992-08-17,0.08,2023-06-01,118.4,0.0021
CAN 8 Jun 23,2021-01-20,CA135087UT96,1992-08-17,0.08,2023-06-01,118.34,0.0021
CAN 8 Jun 23,2021-01-21,CA135087UT96,1992-08-17,0.08,2023-06-01,118.27,0.0021
CAN 8 Jun 23,2021-01-22,CA135087UT96,1992-08-17,0.08,2023-06-01,118.26,0.0021
CAN 8 Jun 23,2021-01-25,CA135087UT96,1992-08-17,0.08,2023-06-01,118.2,0.0021
CAN 8 Jun 23,2021-01-26,CA135087UT96,1992-08-17,0.08,2023-06-01,118.19,0.0021
CAN 8 Jun 23,2021-01-27,CA135087UT96,1992-08-17,0.08,2023-06-01,118.21,0.0021
CAN 8 Jun 23,2021-01-28,CA135087UT96,1992-08-17,0.08,2023-06-01,118.14,0.0021
CAN 8 Jun 23,2021-01-29,CA135087UT96,1992-08-17,0.08,2023-06-01,118.12,0.0021
CAN 3.25 Jun 21 ,2021-01-18,CA135087ZJ69,2021-07-19,0.0325,2021-06-01,101.16,0.0013
CAN 3.25 Jun 21 ,2021-01-19,CA135087ZJ69,2021-07-19,0.0325,2021-06-01,101.15,0.0013
CAN 3.25 Jun 21 ,2021-01-20,CA135087ZJ69,2021-07-19,0.0325,2021-06-01,101.13,0.0013
CAN 3.25 Jun 21 ,2021-01-21,CA135087ZJ69,2021-07-19,0.0325,2021-06-01,101.1,0.0013
CAN 3.25 Jun 21 ,2021-01-22,CA135087ZJ69,2021-07-19,0.0325,2021-06-01,101.1,0.0013
CAN 3.25 Jun 21 ,2021-01-25,CA135087ZJ69,2021-07-19,0.0325,2021-06-01,101.08,0.0013
CAN 3.25 Jun 21 ,2021-01-26,CA135087ZJ69,2021-07-19,0.0325,2021-06-01,101.08,0.0013
CAN 3.25 Jun 21 ,2021-01-27,CA135087ZJ69,2021-07-19,0.0325,2021-06-01,101.07,0.0013
CAN 3.25 Jun 21 ,2021-01-28,CA135087ZJ69,2021-07-19,0.0325,2021-06-01,101.05,0.0013
CAN 3.25 Jun 21 ,2021-01-29,CA135087ZJ69,2021-07-19,0.0325,2021-06-01,101.04,0.0013
CAN 2.75 Jun 22,2021-01-18,CA135087ZU15,2011-08-02,0.0275,2022-06-01,103.61,0.0013
CAN 2.75 Jun 22,2021-01-19,CA135087ZU15,2011-08-02,0.0275,2022-06-01,103.6,0.0013
CAN 2.75 Jun 22,2021-01-20,CA135087ZU15,2011-08-02,0.0275,2022-06-01,103.57,0.0013
CAN 2.75 Jun 22,2021-01-21,CA135087ZU15,2011-08-02,0.0275,2022-06-01,103.54,0.0013
CAN 2.75 Jun 22,2021-01-22,CA135087ZU15,2011-08-02,0.0275,2022-06-01,103.54,0.0013
CAN 2.75 Jun 22,2021-01-25,CA135087ZU15,2011-08-02,0.0275,2022-06-01,103.51,0.0013
CAN 2.75 Jun 22,2021-01-26,CA135087ZU15,2011-08-02,0.0275,2022-06-01,103.51,0.0013
CAN 2.75 Jun 22,2021-01-27,CA135087ZU15,2011-08-02,0.0275,2022-06-01,103.52,0.0013
CAN 2.75 Jun 22,2021-01-28,CA135087ZU15,2011-08-02,0.0275,2022-06-01,103.5,0.0013
CAN 2.75 Jun 22,2021-01-29,CA135087ZU15,2011-08-02,0.0275,2022-06-01,103.5,0.0013
CAN 2.5 Jun 24,2021-01-18,CA135087B451,2013-07-02,0.025,2024-06-01,107.51,0.0025
CAN 2.5 Jun 24,2021-01-19,CA135087B451,2013-07-02,0.025,2024-06-01,107.53,0.0025
CAN 2.5 Jun 24,2021-01-20,CA135087B451,2013-07-02,0.025,2024-06-01,107.5,0.0025
CAN 2.5 Jun 24,2021-01-21,CA135087B451,2013-07-02,0.025,2024-06-01,107.46,0.0025
CAN 2.5 Jun 24,2021-01-22,CA135087B451,2013-07-02,0.025,2024-06-01,107.47,0.0025
CAN 2.5 Jun 24,2021-01-25,CA135087B451,2013-07-02,0.025,2024-06-01,107.46,0.0025
CAN 2.5 Jun 24,2021-01-26,CA135087B451,2013-07-02,0.025,2024-06-01,107.47,0.0025
CAN 2.5 Jun 24,2021-01-27,CA135087B451,2013-07-02,0.025,2024-06-01,107.53,0.0025
CAN 2.5 Jun 24,2021-01-28,CA135087B451,2013-07-02,0.025,2024-06-01,107.48,0.0025
CAN 2.5 Jun 24,2021-01-29,CA135087B451,2013-07-02,0.025,2024-06-01,107.48,0.0025
CAN 2.25 Jun 25,2021-01-18,CA135087D507,2014-06-30,0.0225,2025-06-01,108.15,0.0036
CAN 2.25 Jun 25,2021-01-19,CA135087D507,2014-06-30,0.0225,2025-06-01,108.14,0.0036
CAN 2.25 Jun 25,2021-01-20,CA135087D507,2014-06-30,0.0225,2025-06-01,108.12,0.0036
CAN 2.25 Jun 25,2021-01-21,CA135087D507,2014-06-30,0.0225,2025-06-01,108.03,0.0036
CAN 2.25 Jun 25,2021-01-22,CA135087D507,2014-06-30,0.0225,2025-06-01,108.08,0.0036
CAN 2.25 Jun 25,2021-01-25,CA135087D507,2014-06-30,0.0225,2025-06-01,108.15,0.0036
CAN 2.25 Jun 25,2021-01-26,CA135087D507,2014-06-30,0.0225,2025-06-01,108.12,0.0036
CAN 2.25 Jun 25,2021-01-27,CA135087D507,2014-06-30,0.0225,2025-06-01,108.2,0.0036
CAN 2.25 Jun 25,2021-01-28,CA135087D507,2014-06-30,0.0225,2025-06-01,108.11,0.0036
CAN 2.25 Jun 25,2021-01-29,CA135087D507,2014-06-30,0.0225,2025-06-01,108.1,0.0036
CAN 1.5 Jun 26,2021-01-18,CA135087E679,2015-07-21,0.015,2026-06-01,105.59,0.0046
CAN 1.5 Jun 26,2021-01-19,CA135087E679,2015-07-21,0.015,2026-06-01,105.57,0.0046
CAN 1.5 Jun 26,2021-01-20,CA135087E679,2015-07-21,0.015,2026-06-01,105.51,0.0046
CAN 1.5 Jun 26,2021-01-21,CA135087E679,2015-07-21,0.015,2026-06-01,105.37,0.0046
CAN 1.5 Jun 26,2021-01-22,CA135087E679,2015-07-21,0.015,2026-06-01,105.4,0.0046
CAN 1.5 Jun 26,2021-01-25,CA135087E679,2015-07-21,0.015,2026-06-01,105.5,0.0046
CAN 1.5 Jun 26,2021-01-26,CA135087E679,2015-07-21,0.015,2026-06-01,105.47,0.0046
CAN 1.5 Jun 26,2021-01-27,CA135087E679,2015-07-21,0.015,2026-06-01,105.56,0.0046
CAN 1.5 Jun 26,2021-01-28,CA135087E679,2015-07-21,0.015,2026-06-01,105.46,0.0046
CAN 1.5 Jun 26,2021-01-29,CA135087E679,2015-07-21,0.015,2026-06-01,105.44,0.0046
CAN 1 Jun 27,2021-01-18,CA135087F825,2016-08-03,0.01,2027-06-01,102.99,0.0053
CAN 1 Jun 27,2021-01-19,CA135087F825,2016-08-03,0.01,2027-06-01,102.97,0.0053
CAN 1 Jun 27,2021-01-20,CA135087F825,2016-08-03,0.01,2027-06-01,102.89,0.0053
CAN 1 Jun 27,2021-01-21,CA135087F825,2016-08-03,0.01,2027-06-01,102.72,0.0053
CAN 1 Jun 27,2021-01-22,CA135087F825,2016-08-03,0.01,2027-06-01,102.8,0.0053
CAN 1 Jun 27,2021-01-25,CA135087F825,2016-08-03,0.01,2027-06-01,102.98,0.0053
CAN 1 Jun 27,2021-01-26,CA135087F825,2016-08-03,0.01,2027-06-01,102.91,0.0053
CAN 1 Jun 27,2021-01-27,CA135087F825,2016-08-03,0.01,2027-06-01,103.02,0.0053
CAN 1 Jun 27,2021-01-28,CA135087F825,2016-08-03,0.01,2027-06-01,102.91,0.0053
CAN 1 Jun 27,2021-01-29,CA135087F825,2016-08-03,0.01,2027-06-01,102.85,0.0053
CAN 2 Jun 28,2021-01-18,CA135087H235,2017-08-01,0.02,2028-06-01,109.97,0.0062
CAN 2 Jun 28,2021-01-19,CA135087H235,2017-08-01,0.02,2028-06-01,110.06,0.0062
CAN 2 Jun 28,2021-01-20,CA135087H235,2017-08-01,0.02,2028-06-01,100.94,0.0062
CAN 2 Jun 28,2021-01-21,CA135087H235,2017-08-01,0.02,2028-06-01,109.65,0.0062
CAN 2 Jun 28,2021-01-22,CA135087H235,2017-08-01,0.02,2028-06-01,109.7,0.0062
CAN 2 Jun 28,2021-01-25,CA135087H235,2017-08-01,0.02,2028-06-01,110.03,0.0062
CAN 2 Jun 28,2021-01-26,CA135087H235,2017-08-01,0.02,2028-06-01,109.92,0.0062
CAN 2 Jun 28,2021-01-27,CA135087H235,2017-08-01,0.02,2028-06-01,110.07,0.0062
CAN 2 Jun 28,2021-01-28,CA135087H235,2017-08-01,0.02,2028-06-01,109.91,0.0062
CAN 2 Jun 28,2021-01-29,CA135087H235,2017-08-01,0.02,2028-06-01,109.82,0.0062
CAN 2.25 Jun 29,2021-01-18,CA135087J397,2018-07-27,0.0225,2029-06-01,112.59,0.007
CAN 2.25 Jun 29,2021-01-19,CA135087J397,2018-07-27,0.0225,2029-06-01,112.61,0.007
CAN 2.25 Jun 29,2021-01-20,CA135087J397,2018-07-27,0.0225,2029-06-01,112.43,0.007
CAN 2.25 Jun 29,2021-01-21,CA135087J397,2018-07-27,0.0225,2029-06-01,112.11,0.007
CAN 2.25 Jun 29,2021-01-22,CA135087J397,2018-07-27,0.0225,2029-06-01,112.27,0.007
CAN 2.25 Jun 29,2021-01-25,CA135087J397,2018-07-27,0.0225,2029-06-01,112.62,0.007
CAN 2.25 Jun 29,2021-01-26,CA135087J397,2018-07-27,0.0225,2029-06-01,112.5,0.007
CAN 2.25 Jun 29,2021-01-27,CA135087J397,2018-07-27,0.0225,2029-06-01,112.7,0.007
CAN 2.25 Jun 29,2021-01-28,CA135087J397,2018-07-27,0.0225,2029-06-01,112.49,0.007
CAN 2.25 Jun 29,2021-01-29,CA135087J397,2018-07-27,0.0225,2029-06-01,112.41,0.007
CAN 2.25 Mar 24,2021-01-18,CA135087J546,2018-10-05,0.0225,2024-03-01,106.21,0.0024
CAN 2.25 Mar 24,2021-01-19,CA135087J546,2018-10-05,0.0225,2024-03-01,106.21,0.0024
CAN 2.25 Mar 24,2021-01-20,CA135087J546,2018-10-05,0.0225,2024-03-01,106.17,0.0024
CAN 2.25 Mar 24,2021-01-21,CA135087J546,2018-10-05,0.0225,2024-03-01,106.15,0.0024
CAN 2.25 Mar 24,2021-01-22,CA135087J546,2018-10-05,0.0225,2024-03-01,106.17,0.0024
CAN 2.25 Mar 24,2021-01-25,CA135087J546,2018-10-05,0.0225,2024-03-01,106.12,0.0024
CAN 2.25 Mar 24,2021-01-26,CA135087J546,2018-10-05,0.0225,2024-03-01,106.18,0.0024
CAN 2.25 Mar 24,2021-01-27,CA135087J546,2018-10-05,0.0225,2024-03-01,106.22,0.0024
CAN 2.25 Mar 24,2021-01-28,CA135087J546,2018-10-05,0.0225,2024-03-01,106.19,0.0024
CAN 2.25 Mar 24,2021-01-29,CA135087J546,2018-10-05,0.0225,2024-03-01,106.18,0.0024
CAN 1.5 Sep 24,2021-01-18,CA135087J967,2019-04-05,0.015,2024-09-01,104.27,0.0031
CAN 1.5 Sep 24,2021-01-19,CA135087J967,2019-04-05,0.015,2024-09-01,104.28,0.0031
CAN 1.5 Sep 24,2021-01-20,CA135087J967,2019-04-05,0.015,2024-09-01,104.25,0.0031
CAN 1.5 Sep 24,2021-01-21,CA135087J967,2019-04-05,0.015,2024-09-01,104.19,0.0031
CAN 1.5 Sep 24,2021-01-22,CA135087J967,2019-04-05,0.015,2024-09-01,104.24,0.0031
CAN 1.5 Sep 24,2021-01-25,CA135087J967,2019-04-05,0.015,2024-09-01,104.29,0.0031
CAN 1.5 Sep 24,2021-01-26,CA135087J967,2019-04-05,0.015,2024-09-01,104.26,0.0031
CAN 1.5 Sep 24,2021-01-27,CA135087J967,2019-04-05,0.015,2024-09-01,104.32,0.0031
CAN 1.5 Sep 24,2021-01-28,CA135087J967,2019-04-05,0.015,2024-09-01,104.24,0.0031
CAN 1.5 Sep 24,2021-01-29,CA135087J967,2019-04-05,0.015,2024-09-01,104.24,0.0031
CAN 1.25 Mar 25,2021-01-18,CA135087K528,2019-10-11,0.0125,2025-03-01,103.6,0.0036
CAN 1.25 Mar 25,2021-01-19,CA135087K528,2019-10-11,0.0125,2025-03-01,103.6,0.0036
CAN 1.25 Mar 25,2021-01-20,CA135087K528,2019-10-11,0.0125,2025-03-01,103.59,0.0036
CAN 1.25 Mar 25,2021-01-21,CA135087K528,2019-10-11,0.0125,2025-03-01,103.51,0.0036
CAN 1.25 Mar 25,2021-01-22,CA135087K528,2019-10-11,0.0125,2025-03-01,103.54,0.0036
CAN 1.25 Mar 25,2021-01-25,CA135087K528,2019-10-11,0.0125,2025-03-01,103.62,0.0036
CAN 1.25 Mar 25,2021-01-26,CA135087K528,2019-10-11,0.0125,2025-03-01,103.59,0.0036
CAN 1.25 Mar 25,2021-01-27,CA135087K528,2019-10-11,0.0125,2025-03-01,103.66,0.0036
CAN 1.25 Mar 25,2021-01-28,CA135087K528,2019-10-11,0.0125,2025-03-01,103.61,0.0036
CAN 1.25 Mar 25,2021-01-29,CA135087K528,2019-10-11,0.0125,2025-03-01,103.57,0.0036
CAN 0.5 Sep 25,2021-01-18,CA135087K940,2020-04-03,0.005,2025-09-01,100.33,0.0042
CAN 0.5 Sep 25,2021-01-19,CA135087K940,2020-04-03,0.005,2025-09-01,100.32,0.0042
CAN 0.5 Sep 25,2021-01-20,CA135087K940,2020-04-03,0.005,2025-09-01,100.3,0.0042
CAN 0.5 Sep 25,2021-01-21,CA135087K940,2020-04-03,0.005,2025-09-01,100.22,0.0042
CAN 0.5 Sep 25,2021-01-22,CA135087K940,2020-04-03,0.005,2025-09-01,100.27,0.0042
CAN 0.5 Sep 25,2021-01-25,CA135087K940,2020-04-03,0.005,2025-09-01,100.37,0.0042
CAN 0.5 Sep 25,2021-01-26,CA135087K940,2020-04-03,0.005,2025-09-01,100.33,0.0042
CAN 0.5 Sep 25,2021-01-27,CA135087K940,2020-04-03,0.005,2025-09-01,100.42,0.0042
CAN 0.5 Sep 25,2021-01-28,CA135087K940,2020-04-03,0.005,2025-09-01,100.35,0.0042
CAN 0.5 Sep 25,2021-01-29,CA135087K940,2020-04-03,0.005,2025-09-01,100.33,0.0042
CAN 0.5 Dec 30,2021-01-18,CA135087L443,2020-10-05,0.005,2030-12-01,96.52,0.0088
CAN 0.5 Dec 30,2021-01-19,CA135087L443,2020-10-05,0.005,2030-12-01,96.54,0.0088
CAN 0.5 Dec 30,2021-01-20,CA135087L443,2020-10-05,0.005,2030-12-01,96.32,0.0088
CAN 0.5 Dec 30,2021-01-21,CA135087L443,2020-10-05,0.005,2030-12-01,95.97,0.0088
CAN 0.5 Dec 30,2021-01-22,CA135087L443,2020-10-05,0.005,2030-12-01,96.14,0.0088
CAN 0.5 Dec 30,2021-01-25,CA135087L443,2020-10-05,0.005,2030-12-01,96.52,0.0088
CAN 0.5 Dec 30,2021-01-26,CA135087L443,2020-10-05,0.005,2030-12-01,96.38,0.0088
CAN 0.5 Dec 30,2021-01-27,CA135087L443,2020-10-05,0.005,2030-12-01,96.61,0.0088
CAN 0.5 Dec 30,2021-01-28,CA135087L443,2020-10-05,0.005,2030-12-01,96.44,0.0088
CAN 0.5 Dec 30,2021-01-29,CA135087L443,2020-10-05,0.005,2030-12-01,96.37,0.0088
CAN 0.25 Mar 26,2021-01-18,CA135087L518,2020-10-09,0.0025,2026-03-01,98.78,0.0048
CAN 0.25 Mar 26,2021-01-19,CA135087L518,2020-10-09,0.0025,2026-03-01,98.77,0.0048
CAN 0.25 Mar 26,2021-01-20,CA135087L518,2020-10-09,0.0025,2026-03-01,98.76,0.0048
CAN 0.25 Mar 26,2021-01-21,CA135087L518,2020-10-09,0.0025,2026-03-01,98.66,0.0048
CAN 0.25 Mar 26,2021-01-22,CA135087L518,2020-10-09,0.0025,2026-03-01,98.71,0.0048
CAN 0.25 Mar 26,2021-01-25,CA135087L518,2020-10-09,0.0025,2026-03-01,98.84,0.0048
CAN 0.25 Mar 26,2021-01-26,CA135087L518,2020-10-09,0.0025,2026-03-01,98.83,0.0048
CAN 0.25 Mar 26,2021-01-27,CA135087L518,2020-10-09,0.0025,2026-03-01,98.93,0.0048
CAN 0.25 Mar 26,2021-01-28,CA135087L518,2020-10-09,0.0025,2026-03-01,98.86,0.0048
CAN 0.25 Mar 26,2021-01-29,CA135087L518,2020-10-09,0.0025,2026-03-01,98.81,0.0048
CAN 0.25 Apr 24,2021-01-18,CA135087L690,2020-10-16,0.0025,2024-04-01,99.91,0.0027
CAN 0.25 Apr 24,2021-01-19,CA135087L690,2020-10-16,0.0025,2024-04-01,99.95,0.0027
CAN 0.25 Apr 24,2021-01-20,CA135087L690,2020-10-16,0.0025,2024-04-01,99.92,0.0027
CAN 0.25 Apr 24,2021-01-21,CA135087L690,2020-10-16,0.0025,2024-04-01,99.9,0.0027
CAN 0.25 Apr 24,2021-01-22,CA135087L690,2020-10-16,0.0025,2024-04-01,99.92,0.0027
CAN 0.25 Apr 24,2021-01-25,CA135087L690,2020-10-16,0.0025,2024-04-01,99.91,0.0027
CAN 0.25 Apr 24,2021-01-26,CA135087L690,2020-10-16,0.0025,2024-04-01,99.92,0.0027
CAN 0.25 Apr 24,2021-01-27,CA135087L690,2020-10-16,0.0025,2024-04-01,99.99,0.0027
CAN 0.25 Apr 24,2021-01-28,CA135087L690,2020-10-16,0.0025,2024-04-01,99.93,0.0027
CAN 0.25 Apr 24,2021-01-29,CA135087L690,2020-10-16,0.0025,2024-04-01,99.96,0.0027
CAN 9 Jun 25,2021-01-18,CA135087VH40,1994-08-02,0.09,2025-06-01,137.27,0.0038
CAN 9 Jun 25,2021-01-19,CA135087VH40,1994-08-02,0.09,2025-06-01,137.24,0.0038
CAN 9 Jun 25,2021-01-20,CA135087VH40,1994-08-02,0.09,2025-06-01,137.2,0.0038
CAN 9 Jun 25,2021-01-21,CA135087VH40,1994-08-02,0.09,2025-06-01,137.04,0.0038
CAN 9 Jun 25,2021-01-22,CA135087VH40,1994-08-02,0.09,2025-06-01,137.08,0.0038
CAN 9 Jun 25,2021-01-25,CA135087VH40,1994-08-02,0.09,2025-06-01,137.13,0.0038
CAN 9 Jun 25,2021-01-26,CA135087VH40,1994-08-02,0.09,2025-06-01,137.1,0.0038
CAN 9 Jun 25,2021-01-27,CA135087VH40,1994-08-02,0.09,2025-06-01,137.18,0.0038
CAN 9 Jun 25,2021-01-28,CA135087VH40,1994-08-02,0.09,2025-06-01,137.01,0.0038
CAN 9 Jun 25,2021-01-29,CA135087VH40,1994-08-02,0.09,2025-06-01,136.98,0.0038
CAN 8 Jun 27,2021-01-18,CA135087VW17,1996-05-01,0.08,2027-06-01,146.6,0.0055
CAN 8 Jun 27,2021-01-19,CA135087VW17,1996-05-01,0.08,2027-06-01,146.57,0.0055
CAN 8 Jun 27,2021-01-20,CA135087VW17,1996-05-01,0.08,2027-06-01,146.46,0.0055
CAN 8 Jun 27,2021-01-21,CA135087VW17,1996-05-01,0.08,2027-06-01,146.21,0.0055
CAN 8 Jun 27,2021-01-22,CA135087VW17,1996-05-01,0.08,2027-06-01,146.28,0.0055
CAN 8 Jun 27,2021-01-25,CA135087VW17,1996-05-01,0.08,2027-06-01,146.48,0.0055
CAN 8 Jun 27,2021-01-26,CA135087VW17,1996-05-01,0.08,2027-06-01,146.37,0.0055
CAN 8 Jun 27,2021-01-27,CA135087VW17,1996-05-01,0.08,2027-06-01,146.49,0.0055
CAN 8 Jun 27,2021-01-28,CA135087VW17,1996-05-01,0.08,2027-06-01,146.3,0.0055
CAN 8 Jun 27,2021-01-29,CA135087VW17,1996-05-01,0.08,2027-06-01,146.21,0.0055
CAN 5.75 Jun 29 ,2021-01-18,CA135087WL43,1998-02-02,0.0575,2029-06-01,140.81,0.0072
CAN 5.75 Jun 29 ,2021-01-19,CA135087WL43,1998-02-02,0.0575,2029-06-01,140.83,0.0072
CAN 5.75 Jun 29 ,2021-01-20,CA135087WL43,1998-02-02,0.0575,2029-06-01,140.61,0.0072
CAN 5.75 Jun 29 ,2021-01-21,CA135087WL43,1998-02-02,0.0575,2029-06-01,140.24,0.0072
CAN 5.75 Jun 29 ,2021-01-22,CA135087WL43,1998-02-02,0.0575,2029-06-01,140.39,0.0072
CAN 5.75 Jun 29 ,2021-01-25,CA135087WL43,1998-02-02,0.0575,2029-06-01,140.78,0.0072
CAN 5.75 Jun 29 ,2021-01-26,CA135087WL43,1998-02-02,0.0575,2029-06-01,140.66,0.0072
CAN 5.75 Jun 29 ,2021-01-27,CA135087WL43,1998-02-02,0.0575,2029-06-01,140.86,0.0072
CAN 5.75 Jun 29 ,2021-01-28,CA135087WL43,1998-02-02,0.0575,2029-06-01,140.6,0.0072
CAN 5.75 Jun 29 ,2021-01-29,CA135087WL43,1998-02-02,0.0575,2029-06-01,140.5,0.0072
